t,s,r,p
0.0,49994.99950000015,0.010499999999999999,89.6
0.1,52489.49947510517,0.011549947494750001,94.22110195020001
0.2,55108.4625002758,0.012678584613976106,99.07217169011969
0.30000000000000004,57858.0986580882,0.013891152700927807,104.16468586838668
0.4,60744.92788312348,0.015193220371884125,109.51069375125871
0.5,63775.795422030176,0.016590703133251127,115.12284579341278
0.6,66957.88806496652,0.018089884141845,121.01442363427333
0.7,70298.75118691019,0.019697436173619402,127.19937159100691
0.7999999999999999,73806.30663924418,0.02142044486976293,133.69232972285914
0.8999999999999999,77488.87153404306,0.023266433332963136,140.50866854523645
0.9999999999999999,81355.177965601,0.025243388150718745,147.66452547584618
1.0999999999999999,85414.3937159653,0.02735978692689349,155.17684309931664
1.2,89676.14399357226,0.029624627407255803,163.0634093410295
1.3,94150.53425653203,0.0320474582895511,171.34289964542518
1.4000000000000001,98848.17417468109,0.03463841181372224,180.03492125879407
1.5000000000000002,103780.20278722099,0.037408238233242505,189.1600597215571
1.6000000000000003,108958.31491559724,0.040368342274170445,198.73992768027807
1.7000000000000004,114394.78889424866,0.04353082169449273,208.79721613515045
1.8000000000000005,120102.51568498192,0.04690850806260698,219.355748244477
1.9000000000000006,126095.02944400767,0.05051500988042963,230.4405358137233
2.0000000000000004,132386.5396141186,0.05436475818361319,242.07783860309158
2.1000000000000005,138991.9646181064,0.05847305475874209,254.29522659424543
2.2000000000000006,145926.96723331118,0.06285612312516932,267.1216453638318
2.3000000000000007,153207.9917311841,0.06753116243737754,280.5874847188143
2.400000000000001,160852.3028699276,0.07251640447242386,294.724650756365
2.500000000000001,168878.02683267347,0.07783117387617929,309.5666415191844
2.600000000000001,177304.19420827043,0.08349595185173132,325.1486264256419
2.700000000000001,186150.78511659804,0.08953244348350474,341.50752966308306
2.800000000000001,195438.77658540744,0.09596364890140427,358.6821177420439
2.9000000000000012,205190.1922910292,0.10281393850062126,376.7130914189823
3.0000000000000013,215428.1547808931,0.11010913244470813,395.64318220549285
3.1000000000000014,226176.94030169013,0.1178765846921429,415.5172536928479
3.2000000000000015,237462.0363631851,0.12614527179991777,436.3824079321248
3.3000000000000016,249310.20217417483,0.1349458867717271,458.2880971221696
3.4000000000000017,261749.5320938982,0.14431093823314228,481.2862408702287
3.5000000000000018,274809.5222493531,0.15427485523178536,505.4313493033
3.600000000000002,288521.14047648455,0.16487409797699282,530.7806523221223
3.700000000000002,302916.8997510868,0.17614727485084553,557.3942353042917
3.800000000000002,318030.93528353976,0.18813526604077424,585.3351815782827
3.900000000000002,333899.08546018717,0.20088135416329012,614.6697220062101
4.000000000000002,350558.97682328284,0.2144313622687866,645.4673920300198
4.100000000000001,368050.11329101125,0.22883379963887038,677.8011965534987
4.200000000000001,386413.96982914,0.2441400158103695,711.7477830510695
4.300000000000001,405694.09079641826,0.26040436328409394,747.3876233138475
4.4,425936.19319691753,0.27768436940166097,784.8052042639154
4.5,447188.27508414775,0.2960409179003117,824.0892282892727
4.6,469500.72937399446,0.31553844068371084,865.3328235744966
4.699999999999999,492926.46333635226,0.33624512037632337,908.6337649258485
4.799999999999999,517521.0240487916,0.35823310426017124,954.0947056144458
4.899999999999999,543342.7301097354,0.38157873022569205,1001.8234207872476
4.999999999999998,570452.809923462,0.4063627654031289,1051.9330630230281
5.099999999999998,598915.5468848386,0.4326706581774816,1104.542430639313
5.1999999999999975,628798.4318080443,0.46059280432864647,1159.7762493864857
5.299999999999997,660172.3229607232,0.4902248280790633,1217.7654681970212
5.399999999999997,693111.614083039,0.521667878874104,1278.647569691121
5.4999999999999964,727694.4107900403,0.5550289447656811,1342.566896175027
5.599999999999996,764002.7157756181,0.5904211833172605,1409.674991905015
5.699999999999996,802122.623257214,0.6279642709987675,1480.1309624286466
5.799999999999995,842144.5231223451,0.6677847720929067,1554.1018518553506
5.899999999999995,884163.3152610171,0.7100165281903366,1631.7630389509147
5.999999999999995,928278.6345922508,0.7548010694100942,1713.2986529951083
6.099999999999994,974595.0873183056,0.8022880485438175,1798.902010388516
6.199999999999994,1023222.4989668042,0.8526356993878506,1888.776073043865
6.299999999999994,1074276.1748089169,0.9060113205963944,1983.1339296487834
6.399999999999993,1127877.173271108,0.9625917864617077,2082.1993009411563
6.499999999999993,1184152.5929887597,1.0225640861041398,2186.2070701951943
6.5999999999999925,1243235.8741823316,1.086125892635729,2295.403840176094
6.699999999999992,1305267.1150706825,1.15348616394643,2410.04851788395
6.799999999999992,1370393.4040718295,1.2248657768519937,2530.412928473454
6.8999999999999915,1438769.1685788627,1.3004981964373477,2656.7824598051143
6.999999999999991,1510556.541138029,1.380630182529293,2789.4567391563482
7.099999999999991,1585925.7438972674,1.465522535337707,2928.7503436970705
7.19999999999999,1665055.4922368012,1.5554508824155135,3074.9935464144505
7.29999999999999,1748133.4185388738,1.650706509204776,3228.5330992555782
7.39999999999999,1835356.51710147,1.751597235559673,3389.733055345028
7.499999999999989,1926931.6112510043,1.858448340767222,3558.975632226954
7.599999999999989,2023075.843761591,1.971603539723719,3736.6621181786463
7.699999999999989,2124017.1917437795,2.091426013069402,3923.213823744586
7.799999999999988,2229995.0072236545,2.218299494236182,4119.073080747288
7.899999999999988,2341260.5846941313,2.3526294165238397,4324.704291143775
7.999999999999988,2458077.7569842087,2.4948441234893206,4540.595028214735
8.099999999999987,2580723.52085912,2.645396146112121,4767.257192697503
8.199999999999987,2709488.693834789,2.8047635503867476,5005.228226604282
8.299999999999986,2844678.6037640446,2.9734513591913507,5255.07238760381
8.399999999999986,2986613.8128297264,3.151993052490441,5517.382086988293
8.499999999999986,3135630.87766142,3.3409521501496755,5792.77929439818
8.599999999999985,3292083.147378212,3.5409238818726045,6081.917012635666
8.699999999999985,3456341.6014497746,3.752536949013706,6385.480826063993
8.799999999999985,3628795.729362524,3.976455383279614,6704.190526264135
8.899999999999984,3809854.4541767123,4.213380507601901,7038.801818803586
8.999999999999984,3999947.1021643872,4.464053004750851,7390.108115164372
9.099999999999984,4199524.420827435,4.72925509956112,7758.942414079288
9.199999999999983,4409059.647709615,5.009812860957863,8146.179276737384
9.299999999999983,4629049.63253696,5.306598630306707,8552.736900542312
9.399999999999983,4860016.01534737,5.620533582963681,8979.579296340824
9.499999999999982,5102506.463402959,5.952590430273013,9427.71857428406
9.599999999999982,5357095.969818131,6.303796269652394,9898.217343741857
9.699999999999982,5624388.216982698,6.675235590818104,10392.191232960775
9.799999999999981,5905017.008012974,7.068053446637328,10910.811534440409
9.89999999999998,6199647.769625102,7.483458797553331,11455.307982300737
9.99999999999998,6508979.129994245,7.922728039012062,12026.971668226193
10.09999999999998,6833744.575341027,8.387208721827605,12627.158102900716
10.19999999999998,7174714.18917335,8.878323475960068,13257.29043019308
10.29999999999998,7532696.478307655,9.397574148744393,13918.862801713974
10.399999999999979,7908540.289999503,9.946546169203843,14613.443919746562
10.499999999999979,8303136.824729355,10.52691315070903,15342.680756951526
10.599999999999978,8717421.74941629,11.140441744904141,16108.302461666764
10.699999999999978,9152377.41607049,11.788996760518218,16912.12445806196
10.799999999999978,9609035.191145362,12.474546561412868,17756.052750870334
10.899999999999977,10088477.90111269,13.199168758990536,18642.088444904934
10.999999999999977,10390093.021010933,13.699055144141713,19179.31376537581
11.099999999999977,10700725.525042139,14.217044756582379,19733.08331385746
11.199999999999976,11020645.00584685,14.753773572187784,20303.880125568994
11.299999999999976,11350129.116074009,15.30989942291364,20892.20195512599
11.399999999999975,11689463.809350945,15.88610273549661,21498.56170993179
11.499999999999975,12038943.588457633,16.483087294797823,22123.487896686078
11.599999999999975,12398871.760920633,17.101581032602873,22767.525081399075
11.699999999999974,12769560.702248495,17.74233684271844,23431.234363311352
11.799999999999974,13151332.127037143,18.40613342323315,24115.19386313133
11.899999999999974,13544517.368180454,19.09377614683863,24819.999226015003
11.999999999999973,406294.8834299557,19.806097960136047,22928.819043441752
12.099999999999973,418441.8773750238,20.40446573623946,22418.181767021913
12.199999999999973,430952.02987295354,21.020909659663605,21920.985331845186
12.299999999999972,443836.1982712593,21.655975755361204,21436.942601996503
12.399999999999972,457105.5645194623,22.31022654086423,20965.77439249986
12.499999999999972,470771.6448737133,22.98424152440471,20507.209310176964
12.599999999999971,484846.2998915548,23.678617718079053,20060.98359927239
12.69999999999997,499341.7447254957,24.393970166510307,19626.840991759265
12.79999999999997,514270.5597243338,25.13093249147629,19204.53256224225
12.89999999999997,529645.7013514255,25.89015745298574,18793.81658737753
12.99999999999997,545480.5134293783,26.672317527299235,18394.458409732368
13.09999999999997,561788.7387209272,27.478105502406535,18006.2303060095
13.199999999999969,578584.5308560426,28.30823509148756,17628.911359564434
13.299999999999969,595882.4666156251,29.163441564900005,17262.28733714644
13.399999999999968,613697.5585824429,30.044482401253145,16906.150569796613
13.499999999999968,632045.2681702975,30.952137958144135,16560.29983783914
13.599999999999968,650941.5190427186,31.88721216315061,16224.54025990442
13.699999999999967,670402.7109328412,32.85053322569127,15898.683185925282
13.799999999999967,690445.7338764523,33.84295437038462,15582.546094050122
13.899999999999967,711087.9828705655,34.865354592555086,15275.95249141926
13.999999999999966,732347.3729702405,35.91863943655531,14978.731818753366
14.099999999999966,754242.3548367539,37.00374179759356,14690.719358705179
14.199999999999966,776791.9307506122,38.121622747776186,14411.756147928321
14.299999999999965,800015.6711033063,39.2732723870962,14141.6888928193
14.399999999999965,823933.7313821205,40.45971072012145,13880.36988889132
14.499999999999964,848566.8696627343,41.681988559158334,13627.656943740823
14.599999999999964,873936.4646248023,42.94118845469061,13383.413303570127
14.699999999999964,900064.5341061446,44.23842565391696,13147.507583231823
14.799999999999963,926973.7542116513,45.574849088235766,12919.813699763019
14.899999999999963,954687.4789934873,46.95164239055122,12700.210809379763
14.999999999999963,983229.7607196745,48.370024943301395,12488.583247904413
15.099999999999962,1012625.3707486441,49.83125295813585,12284.820474600947
15.199999999999962,1042899.821027875,51.336620588198635,12088.817019395592
15.299999999999962,1074079.3862352772,52.88746107400119,11900.472433462419
15.399999999999961,1106191.1265825357,54.48514792389945,11719.691243155885
15.499999999999961,1139262.9113002052,56.13109613022023,11546.3829072746
15.59999999999996,1173323.4428249395,57.82676342211323,11380.46177764291
15.69999999999996,1208402.2817098454,59.57365155623772,11221.847062999193
15.79999999999996,1244529.8722795814,61.37330764642647,11070.462796182093
15.89999999999996,1281737.5690524662,63.22732553350374,10926.23780460821
15.99999999999996,1320057.6639525308,65.13734719647009,10789.105684037135
16.09999999999996,1359523.4143351256,67.1050642063029,10659.004775622012
16.19999999999996,1400169.0718504116,69.13221922365963,10535.878146246192
16.29999999999996,1442029.9121697817,71.22060754180947,10419.673572148884
16.399999999999963,1485142.2656010138,73.3720786761591,10310.343525845083
16.499999999999964,1529543.548618722,75.58853800177957,10207.845166347459
16.599999999999966,1575272.2963374774,77.87194844038372,10112.140332700308
16.699999999999967,1622368.1959557743,80.2243321982475,10023.195540838038
16.79999999999997,1670872.1211998719,82.64777255661326,9940.981983783207
16.89999999999997,1720826.1677974015,85.14441571616001,9865.475535201516
16.99999999999997,1772273.690011531,87.71647269717313,9796.656756333707
17.099999999999973,1825259.3382673871,90.36622129709545,9734.510906326823
17.199999999999974,1879829.097903396,93.09600810719247,9679.027955989875
17.299999999999976,1936030.3290811742,95.90825059011665,9630.20260500149
17.399999999999977,1993911.807888602,98.80543922020968,9588.034302599777
17.49999999999998,2053523.7686717561,101.79013968843722,9552.527271787309
17.59999999999998,2114917.947632441,104.86499517390766,9523.690537086775
17.69999999999998,2178147.6277291533,108.0327286839855,9501.537955885618
17.799999999999983,2243267.6849204516,111.29614546507068,9486.08825341073
17.899999999999984,2310334.635790861,114.65813548617749,9477.365061377106
17.999999999999986,2379406.686600654,118.12167599751146,9475.396960357242
18.099999999999987,2450543.7838020646,121.68983416630878,9480.21752592089
18.19999999999999,2523807.666065794,125.3657697922712,9491.86537859787
18.29999999999999,2599261.917862944,129.15273810499983,9510.384237719541
18.39999999999999,2676972.0246488946,133.0540926459038,9535.822979197696
18.499999999999993,2757005.4296970107,137.0732882371348,9568.235697302682
18.599999999999994,2839431.5926315063,141.21388404017472,9607.681770505847
18.699999999999996,2924322.0497102654,145.47954670678405,9654.22593145454
18.799999999999997,3011750.4759099362,149.87405362509958,9707.938341151354
18.9,3101792.748867186,154.4012962637544,9768.89466741253
19.0,3194527.0147316027,159.06528361698037,9837.176167684069
19.1,3290033.7559874053,163.8701457537415,9912.869776297457
19.200000000000003,3388395.861302813,168.82013747404042,9996.068196250688
19.300000000000004,3489698.6974677057,173.91964207563305,10086.869995603825
19.400000000000006,3594030.183482001,179.17317523448594,10185.379708582183
19.500000000000007,3701480.8668590514,184.58538900241035,10291.707941484055
19.60000000000001,3812144.0022102837,190.16107592541132,10405.971483493882
19.70000000000001,3926115.6321792817,195.90517328639646,10528.293422505752
19.80000000000001,4043494.6707955548,201.82276747599983,10658.803266066312
19.900000000000013,4164382.989320334,207.91909849538902,10797.637067550368
20.000000000000014,4288885.504658899,214.19956459504067,10944.937557686822
20.100000000000016,4417110.270416166,220.66972705358987,11100.854281557047
20.200000000000017,4549168.570674562,227.33531510098285,11265.543741192296
20.30000000000002,4685175.016575582,234.20223099029027,11439.169543901518
20.40000000000002,4825247.645788841,241.27655522266974,11621.902556465659
20.50000000000002,4969508.024954939,248.56455193010146,11813.921065339473
20.600000000000023,5118081.355191085,256.07267442066154,12015.410943006927
20.700000000000024,5271096.580750995,263.80757089123983,12226.56582064141
20.800000000000026,5428686.500933413,271.7760903127588,12447.587267227313
20.900000000000027,5590987.885336349,279.98528849310117,12678.68497530496
21.00000000000003,5758141.592557074,288.44243432311316,12920.076953506466
21.10000000000003,5930292.6924408935,297.1550162112099,13171.989726055881
21.20000000000003,6107590.591984784,306.1307487122784,13434.65853941277
21.300000000000033,6290189.16500517,315.37757935674415,13708.32757624458
21.400000000000034,6478246.885682381,324.903695685846,13993.250176919213
21.500000000000036,6671926.966097684,334.7175324993439,14289.689068715752
21.600000000000037,6871397.497882258,344.827779322075,14597.916602957708
21.70000000000004,7076831.59810105,355.2433880959655,14918.215000280032
21.80000000000004,7288407.559498112,365.9735811043049,15250.876604247973
21.90000000000004,7506309.005233829,377.02785913529686,15596.20414355304
22.000000000000043,7730725.048248322,388.4160098921096,15954.511003018588
22.100000000000044,7961850.455389334,400.1481166568699,16326.121503655178
22.200000000000045,8199885.816447048,412.23456721626644,16711.371192013452
22.300000000000047,8445037.718242543,424.68606305666384,17110.60713909036
22.40000000000005,8697518.92392095,437.51362883686164,17524.188249052662
22.50000000000005,8957548.55760497,450.7286221468838,17952.485578050084
22.60000000000005,9225352.294568935,464.3427435614337,18395.882663399127
22.700000000000053,9501162.557098534,478.3680469969107,18854.775863427476
22.800000000000054,9785218.716206133,492.8169503811561,19329.574708278033
22.900000000000055,10077767.299376795,507.7022466453677,19820.702261981078
23.000000000000057,10379062.20452526,523.0371150479124,20328.595496112706
23.10000000000006,10689364.920349611,538.8351328400564,20853.705675367666
23.20000000000006,11008944.753272844,555.1102872839377,21396.498755384964
23.30000000000006,11338079.061169311,571.8769880334145,21957.455793175155
23.400000000000063,11677053.494078876,589.150079888747,22537.073370509075
23.500000000000064,12026162.242117703,606.9448559363984,23135.864030638953
23.600000000000065,12385708.290800825,625.2770710855841,23754.356728734307
23.700000000000067,12756003.6839981,644.1629560135468,24393.097296426844
23.800000000000068,13137369.794751754,663.6192315318984,25052.648920870815
23.90000000000007,13530137.604190538,683.6631233867414,25733.59263873769
24.00000000000007,405863.5336538628,704.3123775056667,23727.867205661307
24.100000000000072,417997.63153911795,725.4459292252334,23198.010673610053
24.200000000000074,430494.50242386735,747.2136124775952,22682.05498628163
24.300000000000075,443364.9921287403,769.6344549452981,22179.701930047442
24.400000000000077,456620.27073175384,792.728055253076,21690.66150695807
24.500000000000078,470271.84226263233,816.5146000994569,21214.651769214495
24.60000000000008,484331.5546869583,841.0148819024159,20751.39865855818
24.70000000000008,498811.6101888193,866.2503169745016,20300.63585049023
24.800000000000082,513724.5757608748,892.2429642433217,19862.104603232896
24.900000000000084,529083.3941110346,919.0155445337517,19435.55361134957
25.000000000000085,544901.3948952132,946.5914604287236,19020.738863942417
25.100000000000087,561192.3062859111,974.9948167259527,18617.423507349573
25.200000000000088,577970.2668866602,1004.250441508486,18225.37771226669
25.30000000000009,595249.838002677,1034.3839078474896,17844.378545220425
25.40000000000009,613046.0162783697,1065.421556156246,17474.209844324196
25.500000000000092,631374.2467126701,1097.390517214901,17114.662099249188
25.600000000000094,650250.436063484,1130.3187358860891,16765.532335346365
25.700000000000095,669690.9666528945,1164.2349955421632,16426.624001857846
25.800000000000097,689712.7105850992,1199.1689432253847,16097.74686415858
25.900000000000098,710333.044389421,1235.1511155630656,15778.71689997188
26.0000000000001,731569.8641011012,1272.2129654603148,15469.356199504962
26.1000000000001,753441.6007929624,1310.3868895937242,15169.49286945311
26.200000000000102,775967.236571421,1349.706256730024,14878.960940823628
26.300000000000104,799166.3210507343,1390.2054368944614,14597.60028053323
26.400000000000105,823058.988319775,1431.919831414402,14325.256506734984
26.500000000000107,847665.9744160637,1474.8859038644139,14061.780907833356
26.600000000000108,873008.6353222212,1519.1412119398829,13807.030365148365
26.70000000000011,899108.9655004606,1564.724440287023,13560.867279192253
26.80000000000011,925989.6169812055,1611.6754343179784,13323.159499524483
26.900000000000112,953673.9190223996,1660.0352350405726,13093.780258153261
27.000000000000114,982185.898356571,1709.8461149331556,12872.608106454169
27.100000000000115,1011550.3000432227,1761.1516148959033,12659.52685557887
27.200000000000117,1041792.6089446469,1813.9965823108707,12454.425520329196
27.300000000000118,1072939.0718438013,1868.427210244069,12257.198266474292
27.40000000000012,1105016.7202234431,1924.4910778238311,12067.744361490864
27.50000000000012,1138053.3937262911,1982.2371918307642,11885.968128708892
27.600000000000122,1172077.7643165758,2041.7160295356425,11711.778904847564
27.700000000000124,1207119.3611639473,2102.9795828226843,11545.091000928522
27.800000000000125,1243208.5962713363,2166.0814036367847,11385.823666555838
27.900000000000126,1280376.790869012,2231.0766507944295,11233.90105755458
28.000000000000128,1318656.202597742,2298.0221381992083,11089.252206962086
28.10000000000013,1358080.053504648,2366.9763845040716,10951.810999368536
28.20000000000013,1398682.5588760518,2437.9996642637448,10821.516148605744
28.300000000000132,1440498.956932339,2511.1540606220133,10698.311178785507
28.400000000000134,1483565.5394106056,2586.50351957993,10582.14440869125
28.500000000000135,1527919.6830616393,2664.113905892384,10472.968939529137
28.600000000000136,1573599.8820885604,2744.053060641891,10370.742646047254
28.700000000000138,1620645.7815552833,2826.3908605399333,10275.428171033964
28.80000000000014,1669098.2117937903,2911.1992790076815,10186.992923208945
28.90000000000014,1718999.2238400776,2998.552449089493,10105.409078523004
29.000000000000142,1770392.1259295323,3088.526728254183,10030.653584885242
29.100000000000144,1823321.5210834087,3181.200765140706,9962.708170338718
29.200000000000145,1877833.3458190276,3276.6555683065944,9901.559354708328
29.300000000000146,1933974.9100172957,3374.974577039254,9847.198464747267
29.400000000000148,1991794.937982141,3476.243734292005,9799.62165281102
29.50000000000015,2051343.6107275053,3580.551561808626,9758.829919090611
29.60000000000015,2112672.6095285863,3687.9892375020754,9724.829137439441
29.700000000000152,2175835.1607751343,3798.650675155016,9697.630084830884
29.800000000000153,2240886.0821657265,3912.632606511823,9677.248474486596
29.900000000000155,2307881.8302831086,4030.0346658338235,9663.704992718292
30.000000000000156,2376880.5495919,4150.95947699169,9657.025339528685
30.100000000000158,2447942.1229011794,4275.512743171102,9657.240273020167
30.20000000000016,2521128.223335752,4403.803339270101,9664.385657662839
30.30000000000016,2596502.3678612,4535.943407068905,9678.5025164765
30.400000000000162,2674129.9724091724,4672.048453255361,9699.637087184316
30.500000000000163,2754078.408650751,4812.237450391737,9727.840882399028
30.600000000000165,2836417.0624671755,4956.632940911099,9763.170753905764
30.700000000000166,2921217.3941686614,5105.361144234175,9805.68896110882
30.800000000000168,3008553.0005135825,5258.55206710036,9855.46324371307
30.90000000000017,3098499.6785818413,5416.339617209275,9912.566898714082
31.00000000000017,3191135.491557856,5578.8617202722435,9977.078861774533
31.100000000000172,3286540.836480266,5746.260440575974,10049.08379306799
31.200000000000173,3384798.5140171456,5918.682105163869,10128.672167674833
31.300000000000175,3485993.8003272917,6096.27743174348,10215.940370618711
31.400000000000176,3590214.5210699406,6279.201660431927,10310.990796635806
31.500000000000178,3697551.127627159,6467.614689454452,10413.931954772974
31.60000000000018,3808096.775605052,6661.681214914699,10524.878577914833
31.70000000000018,3921947.4056819193,6861.570874758929,10643.95173734393
31.800000000000182,4039201.826873534,7067.458397059975,10771.278962442231
31.900000000000183,4159961.802287793,7279.5237527505915,10906.994365646475
32.000000000000185,4284332.137443184,7497.952312939673,11051.23877277425
32.100000000000186,4412420.771227702,7722.935010948879,11204.159858842122
32.20000000000019,4544338.869577162,7954.6685092112875,11365.912289501734
32.30000000000019,4680200.92195422,8193.355371177984,11536.657868224424
32.40000000000019,4820124.840711816,8439.20423838282,11716.565689369769
32.50000000000019,4964232.063427291,8692.430012820161,11905.812297278366
32.60000000000019,5112647.658295986,8953.25404479502,12104.581851534189
32.700000000000195,5265500.432675791,9221.90432640975,12313.066298547057
32.800000000000196,5422923.044876845,9498.6156908565,12531.465549611086
32.9000000000002,5585052.11929342,9783.630017689558,12759.9876656004
33.0000000000002,5752028.364977898,10077.196444257073,12998.849048469028
33.1000000000002,5923996.69775975,10379.571583476945,13248.274639727615
33.2000000000002,6101106.366015508,10691.01974814724,13508.498126075505
33.3000000000002,6283511.080198878,11011.813181987229,13779.762152372807
33.400000000000205,6471369.14624342,11342.232297610974,14062.31854214327
33.500000000000206,6664843.602953558,11682.56592164151,14356.42852580519
33.60000000000021,6864102.363503171,12033.111547179866,14662.362976834132
33.70000000000021,7069318.361164572,12394.175593849606,14980.402656068023
33.80000000000021,7280669.699394329,12766.073675644215,15310.838464372053
33.90000000000021,7498339.806406224,13149.130876811445,15653.971703888012
34.00000000000021,7722517.5943654515,13543.682036015794,16010.114348099945
34.100000000000215,7953397.6233422635,13950.072039027491,16379.589320955616
34.200000000000216,8191180.270167332,14368.656120193837,16762.730785290885
34.30000000000022,8436071.902335368,14799.800172956435,17159.884440812235
34.40000000000022,8688285.057107948,15243.881069685722,17571.407831900673
34.50000000000022,8948038.625970967,15701.286991112382,17997.67066550879
34.60000000000022,9215558.044606823,16172.4177656436,18439.055139431344
34.70000000000022,9491075.488546185,16657.685218860766,18895.956281238614
34.800000000000225,9774830.074669173,17157.51353350412,19368.782298170994
34.900000000000226,10067068.068730805,17672.339620259012,19857.954938302602
35.00000000000023,10368043.099090848,18202.613499667892,20363.909863291465
35.10000000000023,10678016.376833525,18748.79869550185,20887.097033043738
35.20000000000023,10997256.922468148,19311.372639935587,21427.981102629637
35.30000000000023,11326041.799407432,19890.827090879957,21987.04183179942
35.40000000000023,11664656.354426086,20487.66856183689,22564.774507458398
35.500000000000234,12013394.465308402,21102.418764652444,23161.69037947138
35.600000000000236,12372558.795899764,21735.61506555501,23778.31711017817
35.70000000000024,12742461.058783425,22387.81095487726,24415.19923801371
35.80000000000024,13123422.285810525,23059.576530872484,25072.89865563864
35.90000000000024,13515773.106718153,23751.498998048202,25751.995102998422
36.00000000000024,405432.64182749204,24464.18318045265,23742.729434375127
36.10000000000024,417553.8573442524,25198.112851822436,23212.47415379249
36.200000000000244,430037.4607164688,25954.06053818184,22696.128030578267
36.300000000000246,442894.28625012323,26732.68678371314,22193.392614010318
36.40000000000025,456135.492164332,27534.67194903568,21703.977673612084
36.50000000000025,469772.57027537347,28360.716805702323,21227.601033480634
36.60000000000025,483817.3559702389,29211.54314853087,20763.988411535975
36.70000000000025,498282.0384783624,30087.894426305564,20312.873263601807
36.80000000000025,513179.17145044496,30990.536391399724,19873.99663223085
36.900000000000254,528521.6838535535,31920.25776888718,19447.10700019087
37.000000000000256,544322.8911919497,32877.87094572714,19031.960148530397
37.10000000000026,560596.5070633896,33864.21268062473,18628.319019146
37.20000000000026,577356.6550609198,34880.1448351875,18235.953581775884
37.30000000000026,594617.8810305026,35926.555127016676,17854.640705347207
37.40000000000026,612395.1656951073,37004.35790539135,17484.164033607452
37.50000000000026,630703.9376562237,38114.49495022329,17124.313864972715
37.600000000000264,649560.0867840812,39257.93629498054,16774.887036528617
37.700000000000266,668979.9780081959,40435.68107429885,16435.686812122054
37.80000000000027,688980.4655202131,41648.75839702159,16106.522774484725
37.90000000000027,709578.9074013721,42898.22824543103,15787.210721331865
38.00000000000027,730793.1806872882,44185.18240145671,15477.572565382274
38.10000000000027,752641.6968831263,45510.745400670174,15177.43623824818
38.20000000000027,775143.4179426316,46876.07551489976,14886.635598146016
38.300000000000274,798317.8727248854,48282.365764323964,14605.010341381714
38.400000000000276,822185.1739430672,49730.844959927774,14332.405917566502
38.50000000000028,846766.0356199357,51222.7787772329,14068.673448521751
38.60000000000028,872081.7910651747,52759.47086224006,13813.669650833734
38.70000000000028,898154.4113902077,54342.263970549706,13567.256762021685
38.80000000000028,925006.5245765503,55972.54114065664,13329.302470284849
38.90000000000028,952661.4351142482,57651.726902443545,13099.679847796684
39.000000000000284,981143.144227446,59381.28852192964,12878.267287516714
39.100000000000286,1010476.3707046397,61162.73728336191,12664.94844349291
39.20000000000029,1040686.5723516897,62997.62980976938,12459.612174629854
39.30000000000029,1071799.9680862166,64887.56942313415,12262.152491900262
39.40000000000029,1103843.5606925506,66834.20754536784,12072.46850897987
39.50000000000029,1136845.1602569872,68839.24514131756,11890.464396287945
39.60000000000029,1170833.4083036853,70904.43420506224,11716.049338418117
39.700000000000294,1205837.8026521564,73031.57929079821,11549.13749494652
39.800000000000296,1241888.7230179186,75222.53908965152,11389.647964606655
39.9000000000003,1279017.4573785316,77479.22805379491,11237.504752822642
40.0000000000003,1317256.2291278976,79803.61806928857,11092.636742595045
40.1000000000003,1356638.225042395,82197.74017910639,10954.977668735648
40.2000000000003,1397197.6240831139,84663.6863578533,10824.46609545013
40.3000000000003,1438969.6270591912,87203.61133972442,10701.045397269838
40.400000000000304,1481990.4871779925,89819.73450130332,10584.66374333634
40.500000000000306,1526297.5415086509,92514.34180084444,10475.274085044839
40.60000000000031,1571929.2433862702,95289.78777573445,10372.834147055006
40.70000000000031,1618925.1957849183,98148.4975998777,10277.306421680187
40.80000000000031,1667326.1856883706,101092.96920280354,10188.65816666847
40.90000000000031,1717174.2194884361,104125.77545234734,10106.861406391612
41.00000000000031,1768512.5594415874,107249.56640281221,10031.892936460285
41.100000000000314,1821385.7612155331,110467.07161057595,9963.734331786738
41.200000000000315,1875839.7125583205,113781.10251916655,9902.371958118492
41.30000000000032,1931921.6731235276,117194.55491589059,9847.79698706934
41.40000000000032,1989680.3154861082,120710.41146216054,9800.005414676532
41.50000000000032,2049165.767384489,124331.74429973261,9758.99808351574
41.60000000000032,2110429.655225576,128061.717735132,9724.78070840809
41.70000000000032,2173525.1488904296,131903.5910046114,9697.363905756312
41.800000000000324,2238507.007879498,135860.72112205878,9676.763226549867
41.900000000000325,2305431.6288374495,139936.5658123427,9662.999193081709
42.00000000000033,2374357.094498857,144134.6865326588,9656.097339422282
42.10000000000033,2445343.2240972114,148458.7515845166,9656.088255699236
42.20000000000033,2518451.6252810103,152912.53931908731,9663.007636234342
42.30000000000033,2593745.747581985,157499.94143871166,9676.896331592145
42.40000000000033,2671290.937481862,162224.9663974542,9697.800404597934
42.500000000000334,2751154.4951254604,167091.74290367446,9725.771190385814
42.600000000000335,2833405.7327293353,172104.523527676,9760.8653605408
42.70000000000034,2918116.0347366654,177267.68841758536,9803.144991402203
42.80000000000034,3005358.9197705924,182585.74912670808,9852.67763659885
42.90000000000034,3095210.104439777,188063.35255570622,9909.536403890086
43.00000000000034,3187747.569051549,193705.2850130415,9973.800036390045
43.10000000000034,3283051.625289683,199516.4763972327,10045.552998256115
43.200000000000344,3381204.985915537,205502.00450458142,10124.88556492624
43.300000000000345,3482292.8365530423,211667.09946613022,10211.893917993366
43.40000000000035,3586402.9096198524,218017.14831773035,10306.680244809102
43.50000000000035,3693625.560468807,224557.69970721222,10409.35284291258
43.60000000000035,3804053.8458057996,231294.46874277186,10520.026229384433
43.70000000000035,3917783.6044521015,238233.34198680962,10638.821255229852
43.80000000000035,4034913.5405212347,245380.38259958502,10765.86522489886
43.900000000000354,4155545.309082589,252741.83563718203,10901.292021056159
44.000000000000355,4279783.6043861145,260324.13350841418,11045.242234717272
44.10000000000036,4407736.250724676,268133.9015954377,11197.863300872143
44.20000000000036,4539514.296012908,276177.96404298424,11359.309639721941
44.30000000000036,4675232.108163809,284463.349721271,11529.742803659476
44.40000000000036,4815007.474346692,292997.29836779984,11709.331630128436
44.50000000000036,4958961.703212658,301787.2669134108,11898.25240050159
44.600000000000364,5107219.730176302,310840.9359981186,12096.689005123108
44.700000000000365,5259910.225845019,320166.2166824254,12304.833114665358
44.80000000000037,5417165.707690032,329771.2573599735,12522.884357955863
44.90000000000037,5579122.655056034,339664.45087757945,12751.05050643547
45.00000000000037,5745921.627609282,349854.44186887017,12989.547665414488
45.10000000000037,5917707.387326924,360350.134307929,13238.600472299206
45.20000000000037,6094629.024133451,371160.699289553,13498.442301967132
45.300000000000374,6276840.08529329,382295.5830429186,13769.315479475346
45.400000000000375,6464498.708671851,393764.51518565905,14051.471500292564
45.50000000000038,6657767.759980677,405577.51722556556,14345.171258251916
45.60000000000038,6856814.974125811,417744.91131734045,14650.685281427985
45.70000000000038,7061813.100782056,430277.3292820549,14968.29397614839
45.80000000000038,7272940.054319462,443185.72189719154,15298.287879357158
45.90000000000038,7490379.068212168,456481.3684653898,15640.967919554165
46.000000000000384,7714318.854063604,470175.8866702559,15996.645686542372
46.100000000000385,7944953.765386059,484281.2427278479,16365.643710221962
46.20000000000039,8182483.966276783,498809.7618427071,16748.295748678316
46.30000000000039,8427115.605136976,513774.13897757314,17144.94708581865
46.40000000000039,8679060.993584465,529187.449946191,17555.95483882037
46.50000000000039,8938538.790715331,545063.1628389051,17981.688275662524
46.60000000000039,9205774.192874398,561415.149791022,18422.52914302044
46.700000000000394,9480999.12909929,578257.6991042268,18878.872004812492
46.800000000000395,9764452.46240768,595605.5277316447,19351.124591697084
46.9000000000004,10056380.197102424,613473.7941374544,19839.70816182734
47.0000000000004,10357035.692274477,631878.111542294,20345.057873180678
47.1000000000004,10666679.88168894,650834.5615660306,20867.62316779033
47.2000000000004,10985581.50024499,670359.7082798143,21407.868168216202
47.3000000000004,11314017.317206327,690470.6126796982,21966.272086602923
47.400000000000404,11652272.376404466,711184.8475944675,22543.329646683793
47.500000000000405,12000640.243623424,732520.513040707,23139.55151910046
47.600000000000406,12359423.26138044,754496.2520385227,23755.464770419694
47.70000000000041,12728932.81132387,777131.266901738,24391.613326240353
47.80000000000041,13109489.58447601,800445.3360167982,25048.558448795793
47.90000000000041,13501423.859555345,824458.8311250448,25726.879229469552
48.00000000000041,405002.207464654,849192.735123462,23719.470935112375
48.10000000000041,417110.55428970204,874668.5213486888,23189.731848118226
48.200000000000415,429580.90423506254,900908.5812853882,22673.888273862067
48.300000000000416,442424.0801042949,927935.8431486333,22171.642051542716
48.40000000000042,455651.2282702049,955773.9230000603,21682.70323252387
48.50000000000042,469273.8283485916,984447.1453832696,21206.789914822468
48.60000000000042,483303.703161209,1013980.5645782882,20743.628082513555
48.70000000000042,497753.0289965916,1044399.986493665,20292.95144996176
48.80000000000042,512634.3461776465,1075731.9912153312,19854.501310792744
48.900000000000425,527960.5699451858,1108003.9562319252,19428.026391520656
49.000000000000426,543745.0016668432,1141244.0803568768,19013.282709750813
49.10000000000043,560001.3403811032,1175481.4083681565,18610.033436879476
49.20000000000043,576743.6946864633,1210745.856387215,18218.04876521556
49.30000000000043,593986.5949860445,1247068.2380192913,17837.105779451784
49.40000000000043,611745.0060982803,1284480.291277932,17466.98833241558
49.50000000000043,630034.3402446271,1323014.7063172436,17107.4869250328
49.600000000000435,648870.470425567,1362705.1539961146,16758.39859043989
49.700000000000436,668269.7441965144,1403586.3152993638,16419.526782182867
49.80000000000044,688248.9978555792,1445693.9116415232,16090.681266444057
49.90000000000044,708825.5710555029,1489064.7360797336,15771.678018240103
50.00000000000044,730017.3218524458,1533736.6854630287,15462.339121537358
50.10000000000044,751842.64220469,1579748.7935460978,15162.49267323326
50.20000000000044,774320.4739347043,1627141.26509646,14871.972690954839
50.300000000000445,797470.3251684292,1675955.5110248546,14590.619024627951
50.400000000000446,821312.2872660453,1726234.1845695446,14318.27727177332
50.50000000000045,845867.0522589219,1778021.2185661476,14054.798696487927
50.60000000000045,871155.9308078762,1831361.8638355627,13800.040152072688
50.70000000000045,897200.8706983331,1886302.7287235355,13553.86400726979
50.80000000000045,924024.4758884324,1942891.8198264106,13316.138076075473
50.90000000000045,951650.0261266168,2001178.583938655,13086.735551096372
51.000000000000455,980101.4971557289,2061213.9512588098,12865.534940420015
51.100000000000456,1009403.5815211482,2123050.3798916196,12652.420007972334
51.20000000000046,1039581.7100010292,2186741.9016852253,12447.279717337462
51.30000000000046,1070662.0736772383,2252344.1694434737,12250.008179017463
51.40000000000046,1102671.6466661473,2319914.505554597,12060.504601111941
51.50000000000046,1135638.2095290073,2389511.952078752,11878.673243399871
51.60000000000046,1169590.3733822226,2461197.3223381885,11704.423374808306
51.700000000000465,1204557.60472845,2535033.2540551154,11537.66923425501
51.800000000000466,1240570.2510300733,2611084.2640837124,11378.329994854388
51.90000000000047,1277659.5670472458,2689416.8047840972,11226.329731478418
52.00000000000047,1315857.7419633637,2770099.3220875137,11081.597391666746
52.10000000000047,1355197.9273215076,2853202.3153034737,10944.066769882367
52.20000000000047,1395714.2657961003,2938798.3987211166,10813.676485111771
52.30000000000047,1437441.9208247492,3026962.3650586074,10690.36996181079
52.400000000000475,1480417.1071259947,3117771.2508160174,10574.095414199826
52.500000000000476,1524677.1221294445,3211304.403588794,10464.805833914528
52.60000000000048,1570260.3783455743,3307643.5514006326,10362.458981020414
52.70000000000048,1617206.4367032899,3406872.8741163337,10267.017378402452
52.80000000000048,1665556.0408841816,3509079.07699705,10178.448309543033
52.90000000000048,1715351.1526832688,3614351.466462189,10096.723819704297
53.00000000000048,1766634.9884269238,3722782.028124172,10021.820720533282
53.100000000000485,1819452.056479583,3834465.507164237,9953.720598110951
53.200000000000486,1873848.195871797,3949499.4911195207,9892.409824468696
53.30000000000049,1929870.6160831396,4067984.4951537433,9837.879572598535
53.40000000000049,1987567.9380145099,4190024.0498860227,9790.125834985884
53.50000000000049,2046990.23618538,4315724.791854553,9749.14944569644
53.60000000000049,2108189.0821926147,4445196.556694189,9714.956106051417
53.70000000000049,2171217.5894685797,4578552.475109363,9687.556413928183
53.800000000000495,2236130.459377381,4715909.071726184,9666.96589672604
53.900000000000496,2302984.028689243,4857386.366910114,9653.205048039848
54.0000000000005,2371836.31847423,5003107.981638153,9646.299368086962
54.1000000000005,2442747.0844577397,5153201.245517212,9646.27940793596
54.2000000000005,2515777.868881478,5307797.308043024,9653.18081758857
54.3000000000005,2590992.0539149153,5467031.253196826,9667.044397969277
54.4000000000005,2668454.9166635913,5631042.217479949,9687.91615688011
54.500000000000504,2748233.685821997,5799973.511489432,9715.847368981355
54.600000000000506,2830397.6000202103,5973972.745140922,9750.894639862028
54.70000000000051,2915017.967914919,6153191.956648245,9793.11997426731
54.80000000000051,3002168.230076986,6337787.745372377,9842.590848553391
54.90000000000051,3091924.0227292646,6527921.408655882,9899.380287443624
55.00000000000051,3184363.243389984,6723759.0827623755,9963.566945163355
55.10000000000051,3279566.1184786735,6925471.888044188,10035.235191034295
55.200000000000514,3377615.2729432993,7133236.0784650445,10114.47519961299
55.300000000000516,3478595.8019690476,7347233.195608433,10201.383045461545
55.40000000000052,3582595.3448309796,7567650.2273062235,10296.060802642647
55.50000000000052,3689704.1609546593,7794679.771026142,10398.616649034728
55.60000000000052,3800015.208250768,8028520.202160879,10509.16497556707
55.70000000000052,3913624.223791685,8269375.847365862,10627.826500478735
55.80000000000052,4030629.806900055,8517457.163097166,10754.728388709313
55.900000000000524,4151133.504721459,8772980.919505568,10890.004376533734
56.000000000000526,4275239.9003554415,9036170.389847409,11033.79490155774
56.10000000000053,4403056.703621398,9307255.545577802,11186.247238195047
56.20000000000053,4534694.844538081,9586473.25729662,11347.515638751815
56.30000000000053,4670268.569597879,9874067.501722878,11517.761480248688
56.40000000000053,4809895.54091938,10170289.574878331,11697.153417115473
56.50000000000053,4953696.938364323,10475398.311666604,11885.867539898434
56.600000000000534,5101797.564707522,10789660.31203968,12084.087540125229
56.700000000000536,5254325.953951068,11113350.173949385,12292.004881477676
56.80000000000054,5411414.482876786,11446750.733287424,12509.818977427836
56.90000000000054,5573199.485933784,11790153.311023615,12737.737375498342
57.00000000000054,5739821.373560793,12143857.967758277,12975.97594831352
57.10000000000054,5911424.754045979,12508173.765911184,13224.75909161353
57.20000000000054,6088158.559030017,12883419.039776195,13484.319929409694
57.300000000000544,6270176.172761304,13269921.673677513,13754.900526465191
57.400000000000546,6457635.5652155345,13668019.388470653,14036.75210829153
57.50000000000055,6650699.429195137,14078060.03663842,14330.13528885757
57.60000000000055,6849535.321527581,14500401.906239778,14635.320306214433
57.70000000000055,7054315.808485078,14935414.033977184,14952.587266246379
57.80000000000055,7265218.615551903,15383476.527655954,15282.22639476461
57.90000000000055,7482426.781669307,15844980.898317385,15624.538298168123
58.000000000000554,7706128.818091879,16320330.402335905,15979.834232903013
58.100000000000556,7936518.871993245,16809940.393779106,16348.436383959108
58.20000000000056,8173796.894963082,17314238.687338628,16730.678152650627
58.30000000000056,8418168.816541685,17833665.932148892,17126.90445393541
58.40000000000056,8669846.722942695,18368675.9968205,17537.472023535433
58.50000000000056,8929049.041119091,18919736.366024535,17962.74973512979
58.60000000000056,9196000.728332223,19487328.548974477,18403.1189278999
58.700000000000564,9470933.467388364,20071948.500162516,18858.973744715528
58.800000000000566,9754085.867712257,20674107.052718002,19330.721481259458
58.90000000000057,10045703.672432167,21294330.364766628,19818.78294639795
59.00000000000057,10346039.971656125,21933160.379180375,20323.59283411378
59.10000000000057,10655355.422124516,22591155.29712,20845.60010732869
59.20000000000057,10973918.473429611,23268890.06578376,21385.268393952156
59.30000000000057,11302005.600998376,23966956.88078863,21943.076395504035
59.400000000000574,11639901.546040766,24685965.703622945,22519.51830866938
59.500000000000576,11987899.56267176,25426544.79462262,23115.104260154894
59.60000000000058,12346301.672421593,26189341.261936665,23730.360755227943
59.70000000000058,12715418.926355075,26975021.62696167,24365.83114033082
59.80000000000058,13095571.675027497,27784272.406739336,25022.07608017514
59.90000000000058,13487089.846511407,28617800.713825908,25699.67404973362
60.00000000000058,404572.23007967323,29476334.874157712,23694.383538121052
60.100000000000584,416667.72187527124,30360624.924549535,23165.204582861923
60.200000000000585,429124.83246449864,31271443.6765777,22649.906442528263
60.30000000000059,441954.373160704,32209586.991295017,22148.19127155612
60.40000000000059,455167.4785029595,33175874.605585992,21659.769427859257
60.50000000000059,468775.61591953743,34171150.8484418,21184.359307492523
60.60000000000059,482790.595680295,35196285.37872344,20721.687184226448
60.70000000000059,497224.58114660566,36252173.94505789,20271.487053943412
60.800000000000594,512090.0993277326,37339739.168531045,19833.50048376868
60.900000000000595,527400.0517528058,38459931.34886151,19407.476465852615
61.0000000000006,543167.7256678389,39613729.29475957,18993.171275723224
61.1000000000006,559406.8055675027,40802141.17919698,18590.34833513105
61.2000000000006,576131.3850716644,42026205.42033478,18198.77807931129
61.3000000000006,593355.9791569987,43286991.588878974,17818.237828590816
61.4000000000006,611095.5367542888,44585601.34265691,17448.511664270358
61.500000000000604,629365.4537223479,45923169.38923091,17089.390308715087
61.600000000000605,648181.5862098207,47300864.4773903,16740.671009589227
61.70000000000061,667560.2644164654,48719890.41838828,16402.157428173166
61.80000000000061,687518.3067658538,50181487.137815796,16073.659531704056
61.90000000000061,708073.0345017939,51686931.759031706,15754.993489683504
62.00000000000061,729242.2867211419,53237539.71909581,15445.981574098476
62.10000000000061,751044.4358560484,54834665.91817988,15146.452063504095
62.200000000000614,773498.4036190789,56479705.90346103,14856.239150919548
62.300000000000615,796623.677425045,58174097.0885319,14575.182855490702
62.40000000000062,820440.3273037977,59919320.00939308,14303.12893787561
62.50000000000062,844969.023318664,61716899.61812541,14039.928819311446
62.60000000000062,870231.0535056412,63568406.61537235,13785.439504323873
62.70000000000062,896248.3423489196,65475458.822796896,13539.52350704225
62.80000000000062,923043.4698087673,67439722.59671216,13302.04878108649
62.900000000000624,950639.6909182924,69462914.28412087,13072.88865299375
63.000000000000625,979060.9559660879,71546801.72243609,12851.921759155524
63.10000000000063,1008331.9312822782,73693205.7841935,12639.031986238082
63.20000000000063,1038478.0206460056,75904001.96810511,12434.108415061519
63.30000000000063,1069525.3873329356,78181122.03784458,12237.045267915091
63.40000000000063,1101500.9768219169,80526555.70999603,12047.741859288824
63.50000000000063,1134432.5401805015,82942352.39264137,11866.102550003712
63.600000000000634,1168348.6581496226,85430622.97610527,11692.03670472524
63.700000000000635,1203278.7659483305,87993541.67742243,11525.458652847237
63.80000000000064,1239253.1788201167,90633347.94013888,11366.28765273546
63.90000000000064,1276303.118342994,93352348.39110735,11214.44785932265
64.00000000000064,1314460.7395261724,96152918.85598649,11069.868295049184
64.10000000000063,1353759.1587168407,99037506.43520503,10932.482824145758
64.20000000000063,1394232.4823412788,102008631.6422049,10802.230130257023
